{
  "lang":"da",
  "name":"pipeline",
  "version":"0.0.0",
  "spacy_version":">=3.2.0,<3.3.0",
  "description":"",
  "author":"",
  "email":"",
  "url":"",
  "license":"",
  "spacy_git_version":"0fc3dee77",
  "vectors":{
    "width":0,
    "vectors":0,
    "keys":0,
    "name":null,
    "mode":"default"
  },
  "labels":{
    "tok2vec":[

    ],
    "ner":[
      "LOC",
      "NORP",
      "ORG",
      "PER"
    ]
  },
  "pipeline":[
    "tok2vec",
    "ner"
  ],
  "components":[
    "tok2vec",
    "ner"
  ],
  "disabled":[

  ],
  "performance":{
    "ents_f":0.8256779192,
    "ents_p":0.8474062855,
    "ents_r":0.8050359712,
    "ents_per_type":{
      "ORG":{
        "p":0.8453747468,
        "r":0.7714109673,
        "f":0.8067010309
      },
      "PER":{
        "p":0.7931769723,
        "r":0.8591224018,
        "f":0.8248337029
      },
      "LOC":{
        "p":0.8445595855,
        "r":0.8253164557,
        "f":0.8348271447
      },
      "NORP":{
        "p":0.9442622951,
        "r":0.880733945,
        "f":0.9113924051
      },
      "MISC":{
        "p":0.0,
        "r":0.0,
        "f":0.0
      }
    },
    "tok2vec_loss":437.6259919031,
    "ner_loss":419.8698526321
  }
}