{
  "lang":"da",
  "name":"pipeline",
  "version":"0.0.0",
  "spacy_version":">=3.2.0,<3.3.0",
  "description":"",
  "author":"",
  "email":"",
  "url":"",
  "license":"",
  "spacy_git_version":"0fc3dee77",
  "vectors":{
    "width":0,
    "vectors":0,
    "keys":0,
    "name":null,
    "mode":"default"
  },
  "labels":{
    "tok2vec":[

    ],
    "ner":[
      "LOC",
      "NORP",
      "ORG",
      "PER"
    ]
  },
  "pipeline":[
    "tok2vec",
    "ner"
  ],
  "components":[
    "tok2vec",
    "ner"
  ],
  "disabled":[

  ],
  "performance":{
    "ents_f":0.8279705195,
    "ents_p":0.8275242544,
    "ents_r":0.8284172662,
    "ents_per_type":{
      "ORG":{
        "p":0.8242730721,
        "r":0.8034504005,
        "f":0.8137285491
      },
      "PER":{
        "p":0.7550200803,
        "r":0.8683602771,
        "f":0.8077336198
      },
      "LOC":{
        "p":0.8367875648,
        "r":0.817721519,
        "f":0.8271446863
      },
      "NORP":{
        "p":0.9463722397,
        "r":0.9174311927,
        "f":0.9316770186
      },
      "MISC":{
        "p":0.0,
        "r":0.0,
        "f":0.0
      }
    },
    "tok2vec_loss":254.0609861249,
    "ner_loss":893.819742533
  }
}